Expired,Added Date
159.8.114.37:80,2021-08-20-07:02:11
159.8.114.34:25,2021-08-20-07:02:56
159.8.114.37:8123,2021-08-20-07:03:41
159.8.114.34:8123,2021-08-20-07:04:25
159.8.114.37:25,2021-08-20-07:05:10
195.170.21.18:3128,2021-08-20-07:06:43
74.208.28.27:3128,2021-08-20-07:22:36
93.157.12.248:8080,2021-08-20-07:28:39
200.68.128.249:3128,2021-08-20-07:28:40
185.158.175.114:8080,2021-08-20-07:29:39
116.202.228.164:3128,2021-08-20-07:30:41
217.218.66.76:80,2021-08-20-07:32:03
188.121.20.133:8118,2021-08-20-07:32:52
190.109.0.227:999,2021-08-20-07:32:52
213.74.197.184:9090,2021-08-20-07:33:30
169.57.157.146:8123,2021-08-20-07:33:36
210.178.90.49:8080,2021-08-20-07:33:37
169.57.157.148:8123,2021-08-20-07:33:44
169.57.157.148:25,2021-08-20-07:33:44
159.8.121.230:3128,2021-08-21-07:03:06
62.252.146.74:8080,2021-08-21-07:04:33
